# SOURMASH-MANIFEST-VERSION: 1.0
internal_location,md5,md5short,ksize,moltype,num,scaled,n_hashes,with_abundance,name,filename
signatures/148e7b3c3f06acc7344e0d0a3891e672.sig.gz,148e7b3c3f06acc7344e0d0a3891e672,148e7b3c,21,DNA,0,1000,4866,False,GCF_000518605.1 Shewanella fidelis ATCC BAA-318,GCF_000518605.1_genomic.fna.gz
signatures/11e034a00b3de9389656f4e053766079.sig.gz,11e034a00b3de9389656f4e053766079,11e034a0,21,DNA,0,1000,4525,False,GCF_000217915.1 Shewanella sp. HN-41,GCF_000217915.1_genomic.fna.gz
signatures/4f8ee97fe5844cf96b71ee04b95b01ad.sig.gz,4f8ee97fe5844cf96b71ee04b95b01ad,4f8ee97f,21,DNA,0,1000,4766,False,GCF_022410515.1 Shewanella cutis,GCF_022410515.1_genomic.fna.gz
signatures/bb88f4ca2455e70cf47637ec7f4e6281.sig.gz,bb88f4ca2455e70cf47637ec7f4e6281,bb88f4ca,21,DNA,0,1000,4345,False,GCF_000422645.1 Ferrimonas futtsuensis DSM 18154,GCF_000422645.1_genomic.fna.gz
signatures/d5299f2f897d1dd80d0e45e0a41b31f7.sig.gz,d5299f2f897d1dd80d0e45e0a41b31f7,d5299f2f,21,DNA,0,1000,3804,False,GCF_002282855.1 Paraferrimonas sedimenticola,GCF_002282855.1_genomic.fna.gz
signatures/d2bbb069f1ccb3962f574c072e895149.sig.gz,d2bbb069f1ccb3962f574c072e895149,d2bbb069,21,DNA,0,1000,4519,False,GCA_947503555.1 uncultured Shewanella sp.,GCA_947503555.1_genomic.fna.gz
signatures/d51e1106ea3373a4f11d60f36227a892.sig.gz,d51e1106ea3373a4f11d60f36227a892,d51e1106,21,DNA,0,1000,6149,False,GCF_002005305.1 Shewanella psychrophila,GCF_002005305.1_genomic.fna.gz
signatures/fd11d24b6942bd12e817c7023e353674.sig.gz,fd11d24b6942bd12e817c7023e353674,fd11d24b,21,DNA,0,1000,4930,False,GCF_003855155.1 Shewanella psychromarinicola,GCF_003855155.1_genomic.fna.gz
signatures/d0f47cb7a52c12f89702dc618d9fbb2a.sig.gz,d0f47cb7a52c12f89702dc618d9fbb2a,d0f47cb7,21,DNA,0,1000,6399,False,GCF_007197555.1 Shewanella psychropiezotolerans,GCF_007197555.1_genomic.fna.gz
signatures/21669ff78bbaeb0e5bd7d3abb37cc62f.sig.gz,21669ff78bbaeb0e5bd7d3abb37cc62f,21669ff7,21,DNA,0,1000,4550,False,GCF_004358345.1 Parashewanella spongiae,GCF_004358345.1_genomic.fna.gz
signatures/d446f8e7f4de49e8937e4fd0713013dc.sig.gz,d446f8e7f4de49e8937e4fd0713013dc,d446f8e7,21,DNA,0,1000,5822,False,GCF_947495455.1 uncultured Shewanella sp.,GCF_947495455.1_genomic.fna.gz
signatures/7f78020f69f0055395c4d02c2907c115.sig.gz,7f78020f69f0055395c4d02c2907c115,7f78020f,21,DNA,0,1000,4232,False,GCF_000148645.1 Ferrimonas balearica DSM 9799,GCF_000148645.1_genomic.fna.gz
signatures/645fce6b206713e2c90823d37a08f903.sig.gz,645fce6b206713e2c90823d37a08f903,645fce6b,21,DNA,0,1000,4767,False,GCF_023283765.1 Shewanella profunda,GCF_023283765.1_genomic.fna.gz
signatures/d4cc3ab6f64d45bfc1027f46bbf128b9.sig.gz,d4cc3ab6f64d45bfc1027f46bbf128b9,d4cc3ab6,21,DNA,0,1000,4416,False,GCF_000614975.1 Shewanella marina JCM 15074,GCF_000614975.1_genomic.fna.gz
signatures/f98f76f8b2f28c66f6d6755c341411e6.sig.gz,f98f76f8b2f28c66f6d6755c341411e6,f98f76f8,21,DNA,0,1000,4710,False,GCF_000146165.2 Shewanella oneidensis MR-1,GCF_000146165.2_genomic.fna.gz
signatures/d0e1c2d181a16b5cfa2cd8edf057f939.sig.gz,d0e1c2d181a16b5cfa2cd8edf057f939,d0e1c2d1,21,DNA,0,1000,5004,False,GCF_019655335.1 Shewanella hafniensis,GCF_019655335.1_genomic.fna.gz
signatures/145e0d50c8f04ef2f5d8d0f399f5030c.sig.gz,145e0d50c8f04ef2f5d8d0f399f5030c,145e0d50,21,DNA,0,1000,4613,False,GCF_030296015.1 Ferrimonas sp. YFM,GCF_030296015.1_genomic.fna.gz
signatures/51f57273d897705fa1aaf285493dce70.sig.gz,51f57273d897705fa1aaf285493dce70,51f57273,21,DNA,0,1000,4512,False,GCF_014647135.1 Shewanella xiamenensis,GCF_014647135.1_genomic.fna.gz
signatures/f7eeb986496bcb338180e40e07167f85.sig.gz,f7eeb986496bcb338180e40e07167f85,f7eeb986,21,DNA,0,1000,4606,False,GCF_006385555.1 Shewanella polaris,GCF_006385555.1_genomic.fna.gz
signatures/7098c4e5a2896f0296fc397b593a2e3b.sig.gz,7098c4e5a2896f0296fc397b593a2e3b,7098c4e5,21,DNA,0,1000,5073,False,GCF_947501225.1 uncultured Shewanella sp.,GCF_947501225.1_genomic.fna.gz
signatures/915500aa9c07a3eda372a5b00ce9db0a.sig.gz,915500aa9c07a3eda372a5b00ce9db0a,915500aa,21,DNA,0,1000,4615,False,GCF_021560015.1 Shewanella vesiculosa,GCF_021560015.1_genomic.fna.gz
signatures/1594abeda2f4047f74d3812d868a8074.sig.gz,1594abeda2f4047f74d3812d868a8074,1594abed,21,DNA,0,1000,3860,False,GCF_005116715.1 Ferrimonas sediminicola,GCF_005116715.1_genomic.fna.gz
signatures/a371e33d4ce0e055b294aa967e15fccc.sig.gz,a371e33d4ce0e055b294aa967e15fccc,a371e33d,21,DNA,0,1000,4633,False,GCF_019457635.1 Shewanella mangrovisoli,GCF_019457635.1_genomic.fna.gz
signatures/ea2c8a4abbc3f409caf6503a8e37afb0.sig.gz,ea2c8a4abbc3f409caf6503a8e37afb0,ea2c8a4a,21,DNA,0,1000,4269,False,GCF_017354945.1 Shewanella avicenniae,GCF_017354945.1_genomic.fna.gz
signatures/725238313b75fa8d94edac1d4f6b9976.sig.gz,725238313b75fa8d94edac1d4f6b9976,72523831,21,DNA,0,1000,4679,False,GCF_003957745.1 Shewanella khirikhana,GCF_003957745.1_genomic.fna.gz
signatures/1c9538933bf459e208f7157a5036593e.sig.gz,1c9538933bf459e208f7157a5036593e,1c953893,21,DNA,0,1000,3853,False,GCF_014647215.1 Shewanella aestuarii,GCF_014647215.1_genomic.fna.gz
signatures/fe03c7999edd531017b0d43f179d6923.sig.gz,fe03c7999edd531017b0d43f179d6923,fe03c799,21,DNA,0,1000,3996,False,GCF_021513195.1 Shewanella sp. OMA3-2,GCF_021513195.1_genomic.fna.gz
signatures/46a005e6010bc6bc7598b2821cc3f01b.sig.gz,46a005e6010bc6bc7598b2821cc3f01b,46a005e6,21,DNA,0,1000,4561,False,GCF_000518705.1 Shewanella colwelliana ATCC 39565,GCF_000518705.1_genomic.fna.gz
signatures/6a9251140723f2c51a9a5aa897301bbf.sig.gz,6a9251140723f2c51a9a5aa897301bbf,6a925114,21,DNA,0,1000,4135,False,GCF_000753795.1 Shewanella mangrovi,GCF_000753795.1_genomic.fna.gz
signatures/89ed5b7ce9605106decd465c3121c073.sig.gz,89ed5b7ce9605106decd465c3121c073,89ed5b7c,21,DNA,0,1000,4044,False,GCF_019209865.1 Shewanella sp. NIFS-20-20,GCF_019209865.1_genomic.fna.gz
signatures/44c6188615763511d4f72051f9a68ff0.sig.gz,44c6188615763511d4f72051f9a68ff0,44c61886,21,DNA,0,1000,4744,False,GCF_022398325.1 Shewanella sp. Isolate13,GCF_022398325.1_genomic.fna.gz
signatures/93c22b24206f8a8e140fa92f80654ef4.sig.gz,93c22b24206f8a8e140fa92f80654ef4,93c22b24,21,DNA,0,1000,4961,False,GCF_000018285.1 Shewanella pealeana ATCC 700345,GCF_000018285.1_genomic.fna.gz
signatures/f4f009192426b28829eec7e341ee4697.sig.gz,f4f009192426b28829eec7e341ee4697,f4f00919,21,DNA,0,1000,4248,False,GCF_023283885.1 Shewanella basaltis,GCF_023283885.1_genomic.fna.gz
signatures/0dedb84d4bdbc94e42ab4612bafdb2d9.sig.gz,0dedb84d4bdbc94e42ab4612bafdb2d9,0dedb84d,21,DNA,0,1000,4588,False,GCF_025398315.1 Shewanella phaeophyticola,GCF_025398315.1_genomic.fna.gz
signatures/9d6846ac82a32a2efdf46d2d0fc7707f.sig.gz,9d6846ac82a32a2efdf46d2d0fc7707f,9d6846ac,21,DNA,0,1000,5065,False,GCF_012584455.1 Shewanella oncorhynchi,GCF_012584455.1_genomic.fna.gz
signatures/0c2cd9eb00864b0ae3e855298e327826.sig.gz,0c2cd9eb00864b0ae3e855298e327826,0c2cd9eb,21,DNA,0,1000,5773,False,GCF_007197645.1 Shewanella hanedai,GCF_007197645.1_genomic.fna.gz
signatures/a35974491a3bf2055e9fe13d8e99fa7d.sig.gz,a35974491a3bf2055e9fe13d8e99fa7d,a3597449,21,DNA,0,1000,4974,False,GCF_023284025.1 Shewanella abyssi,GCF_023284025.1_genomic.fna.gz
signatures/f8205a80c1fc6d9792680710da3d5980.sig.gz,f8205a80c1fc6d9792680710da3d5980,f8205a80,21,DNA,0,1000,4755,False,GCF_003797125.1 Shewanella frigidimarina,GCF_003797125.1_genomic.fna.gz
signatures/022d7651757e46e6e9efe229eeb99b8a.sig.gz,022d7651757e46e6e9efe229eeb99b8a,022d7651,21,DNA,0,1000,4189,False,GCF_024363255.1 Shewanella sp. NFH-SH190041,GCF_024363255.1_genomic.fna.gz
signatures/6290f770e5010eef2a3d1eb7ec9a26e3.sig.gz,6290f770e5010eef2a3d1eb7ec9a26e3,6290f770,21,DNA,0,1000,2047,False,GCA_028223395.1 Shewanella sp.,GCA_028223395.1_genomic.fna.gz
signatures/54a2509d83176f6f0640ab69f6479284.sig.gz,54a2509d83176f6f0640ab69f6479284,54a2509d,21,DNA,0,1000,4204,False,GCF_019457515.1 Shewanella mesophila,GCF_019457515.1_genomic.fna.gz
signatures/3c036e97d80ea6170fdcac71ca456bce.sig.gz,3c036e97d80ea6170fdcac71ca456bce,3c036e97,21,DNA,0,1000,4464,False,GCF_019457615.1 Shewanella zhangzhouensis,GCF_019457615.1_genomic.fna.gz
signatures/7fde7bbe0cd38eec1b3a6ffd1be8e1bf.sig.gz,7fde7bbe0cd38eec1b3a6ffd1be8e1bf,7fde7bbe,21,DNA,0,1000,5010,False,GCF_023283845.1 Shewanella marinintestina,GCF_023283845.1_genomic.fna.gz
signatures/b0e40a70e73c505cb3d249975eac1155.sig.gz,b0e40a70e73c505cb3d249975eac1155,b0e40a70,21,DNA,0,1000,5244,False,GCF_019654915.1 Shewanella sp. MBTL60-007,GCF_019654915.1_genomic.fna.gz
signatures/3164add4a5d619de8801615f93c09c2e.sig.gz,3164add4a5d619de8801615f93c09c2e,3164add4,21,DNA,0,1000,4456,False,GCF_023349185.1 Shewanella aquimarina,GCF_023349185.1_genomic.fna.gz
signatures/93b48907d212b64f4afc0ae6d0f6383c.sig.gz,93b48907d212b64f4afc0ae6d0f6383c,93b48907,21,DNA,0,1000,4620,False,GCF_005116665.1 Ferrimonas aestuarii,GCF_005116665.1_genomic.fna.gz
signatures/8d3cb5127ff97ff665276c40d23710f9.sig.gz,8d3cb5127ff97ff665276c40d23710f9,8d3cb512,21,DNA,0,1000,5327,False,GCF_900456975.1 Shewanella baltica,GCF_900456975.1_genomic.fna.gz
signatures/1101ad42d55ab6e569348f347b94e582.sig.gz,1101ad42d55ab6e569348f347b94e582,1101ad42,21,DNA,0,1000,3851,False,GCF_010993985.1 Paraferrimonas sp. SM1919,GCF_010993985.1_genomic.fna.gz
signatures/78640f3337eb3df3ac1c1817cf0526af.sig.gz,78640f3337eb3df3ac1c1817cf0526af,78640f33,21,DNA,0,1000,4439,False,GCF_002836945.1 Shewanella chilikensis,GCF_002836945.1_genomic.fna.gz
signatures/76f600e86ad3e3423e5cd49aba85dc4d.sig.gz,76f600e86ad3e3423e5cd49aba85dc4d,76f600e8,21,DNA,0,1000,4869,False,GCF_000091325.1 Shewanella violacea DSS12,GCF_000091325.1_genomic.fna.gz
signatures/00c1efa50b361e1e7443f8a46bdc2606.sig.gz,00c1efa50b361e1e7443f8a46bdc2606,00c1efa5,21,DNA,0,1000,5057,False,GCF_023161665.1 Shewanella sp. 1CM18E,GCF_023161665.1_genomic.fna.gz
signatures/2f580afa7c30f231dfeecc0ce8e80c13.sig.gz,2f580afa7c30f231dfeecc0ce8e80c13,2f580afa,21,DNA,0,1000,5361,False,GCF_023283535.1 Shewanella sairae,GCF_023283535.1_genomic.fna.gz
signatures/ca6c3c8f7f92569d13d78349ee589665.sig.gz,ca6c3c8f7f92569d13d78349ee589665,ca6c3c8f,21,DNA,0,1000,5000,False,GCF_016757755.1 Shewanella sp. KX20019,GCF_016757755.1_genomic.fna.gz
signatures/43f1485546df449ddb08ca1ba6b80676.sig.gz,43f1485546df449ddb08ca1ba6b80676,43f14855,21,DNA,0,1000,4715,False,GCF_003855395.1 Shewanella livingstonensis,GCF_003855395.1_genomic.fna.gz
signatures/48a53a746a4481c42129255823827b25.sig.gz,48a53a746a4481c42129255823827b25,48a53a74,21,DNA,0,1000,4560,False,GCF_014648315.1 Shewanella ulleungensis,GCF_014648315.1_genomic.fna.gz
signatures/f4f2ef61cba7a7f51d9a92bfc66bf214.sig.gz,f4f2ef61cba7a7f51d9a92bfc66bf214,f4f2ef61,21,DNA,0,1000,4046,False,GCF_018221465.1 Shewanella intestini,GCF_018221465.1_genomic.fna.gz
signatures/b988383772b88494105763bff0ca4122.sig.gz,b988383772b88494105763bff0ca4122,b9883837,21,DNA,0,1000,4944,False,GCF_010092445.1 Shewanella sp. Arc9-LZ,GCF_010092445.1_genomic.fna.gz
signatures/7bd7228c614a76e56d2a23b3369fb086.sig.gz,7bd7228c614a76e56d2a23b3369fb086,7bd7228c,21,DNA,0,1000,4035,False,GCF_019802055.1 Ferrimonas balearica,GCF_019802055.1_genomic.fna.gz
signatures/e0b65624f91d8f73e6983b3a6b3ef608.sig.gz,e0b65624f91d8f73e6983b3a6b3ef608,e0b65624,21,DNA,0,1000,4153,False,GCF_017354985.1 Shewanella cyperi,GCF_017354985.1_genomic.fna.gz
signatures/431b16f08bf0778f6950611021c3465b.sig.gz,431b16f08bf0778f6950611021c3465b,431b16f0,21,DNA,0,1000,4650,False,GCF_004295345.1 Shewanella maritima,GCF_004295345.1_genomic.fna.gz
signatures/fd601a412ea39378e22592388dbd4767.sig.gz,fd601a412ea39378e22592388dbd4767,fd601a41,21,DNA,0,1000,4176,False,GCA_019801015.1 Marinobacter nauticus,GCA_019801015.1_genomic.fna.gz
signatures/37d487ef780f311f1d5f7287fe846e78.sig.gz,37d487ef780f311f1d5f7287fe846e78,37d487ef,21,DNA,0,1000,4578,False,GCF_025449215.1 Shewanella seohaensis,GCF_025449215.1_genomic.fna.gz
signatures/7db74ad4ae687487315e4c12ebd5d32f.sig.gz,7db74ad4ae687487315e4c12ebd5d32f,7db74ad4,21,DNA,0,1000,4272,False,GCF_020511155.1 Shewanella glacialimarina,GCF_020511155.1_genomic.fna.gz
signatures/21426b0e4bcde30890873c9d7e6e4f7e.sig.gz,21426b0e4bcde30890873c9d7e6e4f7e,21426b0e,21,DNA,0,1000,6037,False,GCF_023284005.1 Shewanella surugensis,GCF_023284005.1_genomic.fna.gz
signatures/7b7817b45cbad868b3c0e69256fab36a.sig.gz,7b7817b45cbad868b3c0e69256fab36a,7b7817b4,21,DNA,0,1000,4585,False,GCF_019457535.1 Shewanella halotolerans,GCF_019457535.1_genomic.fna.gz
signatures/f9445cec690be60dcb46159f5e965e10.sig.gz,f9445cec690be60dcb46159f5e965e10,f9445cec,21,DNA,0,1000,4553,False,GCF_028750675.1 Shewanella metallivivens,GCF_028750675.1_genomic.fna.gz
signatures/3166e8780a52b32c01331a71eee15cb0.sig.gz,3166e8780a52b32c01331a71eee15cb0,3166e878,21,DNA,0,1000,3824,False,GCF_014651955.1 Shewanella fodinae,GCF_014651955.1_genomic.fna.gz
signatures/d87a2e19d54455ccf3021aa70ea4340f.sig.gz,d87a2e19d54455ccf3021aa70ea4340f,d87a2e19,21,DNA,0,1000,4353,False,GCF_002836975.1 Shewanella indica,GCF_002836975.1_genomic.fna.gz
signatures/7a0a84de203d74df8769ebe0152eb1ce.sig.gz,7a0a84de203d74df8769ebe0152eb1ce,7a0a84de,21,DNA,0,1000,5636,False,GCF_003966225.1 Shewanella canadensis,GCF_003966225.1_genomic.fna.gz
signatures/b3ab30c5f840f8c6ab8d175e23123368.sig.gz,b3ab30c5f840f8c6ab8d175e23123368,b3ab30c5,21,DNA,0,1000,4450,False,GCF_002777975.1 Shewanella carassii,GCF_002777975.1_genomic.fna.gz
signatures/b34d7ccbc932083415423cd9ff29dc5d.sig.gz,b34d7ccbc932083415423cd9ff29dc5d,b34d7ccb,21,DNA,0,1000,4097,False,GCF_015069875.1 Shewanella benthica,GCF_015069875.1_genomic.fna.gz
signatures/d775cdb389bc6c736a637bd1b9cdf147.sig.gz,d775cdb389bc6c736a637bd1b9cdf147,d775cdb3,21,DNA,0,1000,4910,False,GCF_041470405.1 Shewanella sp. 10N.286.45.A1,GCF_041470405.1_genomic.fna.gz
signatures/112c916e06d097b68b17600450c9ab6a.sig.gz,112c916e06d097b68b17600450c9ab6a,112c916e,21,DNA,0,1000,1312,False,GCA_016779685.1 Shewanellaceae bacterium,GCA_016779685.1_genomic.fna.gz
signatures/4c5fd46edb69b769eb9a29c89ae9c650.sig.gz,4c5fd46edb69b769eb9a29c89ae9c650,4c5fd46e,21,DNA,0,1000,4357,False,GCF_016406325.1 Shewanella putrefaciens,GCF_016406325.1_genomic.fna.gz
signatures/0f2a937922ab9a8215171d16ca742fba.sig.gz,0f2a937922ab9a8215171d16ca742fba,0f2a9379,21,DNA,0,1000,4457,False,GCF_018596335.1 Shewanella jiangmenensis,GCF_018596335.1_genomic.fna.gz
signatures/aa311bd16435593e28db6f166e3a278f.sig.gz,aa311bd16435593e28db6f166e3a278f,aa311bd1,21,DNA,0,1000,5432,False,GCF_000018025.1 Shewanella sediminis HAW-EB3,GCF_000018025.1_genomic.fna.gz
signatures/04fcff1c86458f9defdecdd9be2e2863.sig.gz,04fcff1c86458f9defdecdd9be2e2863,04fcff1c,21,DNA,0,1000,4669,False,GCF_000485795.1 Shewanella decolorationis S12,GCF_000485795.1_genomic.fna.gz
signatures/a7d69c582501a83dc349edc25d1c254d.sig.gz,a7d69c582501a83dc349edc25d1c254d,a7d69c58,21,DNA,0,1000,4064,False,GCF_947489035.1 uncultured Ferrimonas sp.,GCF_947489035.1_genomic.fna.gz
signatures/ca409b7b5cd96222b2f8e56e2a63d948.sig.gz,ca409b7b5cd96222b2f8e56e2a63d948,ca409b7b,21,DNA,0,1000,4168,False,GCF_019802085.1 Ferrimonas balearica,GCF_019802085.1_genomic.fna.gz
signatures/c72c72d2d5f24f7859817c4443cae8e7.sig.gz,c72c72d2d5f24f7859817c4443cae8e7,c72c72d2,21,DNA,0,1000,4753,False,GCF_039543565.1 Ferrimonas pelagia,GCF_039543565.1_genomic.fna.gz
signatures/5e6637352c7d7f3bb052ffade1a0db27.sig.gz,5e6637352c7d7f3bb052ffade1a0db27,5e663735,21,DNA,0,1000,5443,False,GCF_947501665.1 uncultured Shewanella sp.,GCF_947501665.1_genomic.fna.gz
signatures/9147db199069bda1993158c5933e649a.sig.gz,9147db199069bda1993158c5933e649a,9147db19,21,DNA,0,1000,4169,False,GCF_000172075.1 Shewanella benthica KT99,GCF_000172075.1_genomic.fna.gz
signatures/ea800f0abc7452b3fea3b5d1f4d65ed1.sig.gz,ea800f0abc7452b3fea3b5d1f4d65ed1,ea800f0a,21,DNA,0,1000,4423,False,GCF_022398425.1 Shewanella sp. Isolate7,GCF_022398425.1_genomic.fna.gz
signatures/1b5cfd27b1b9cabd55bfe0110aba8e7c.sig.gz,1b5cfd27b1b9cabd55bfe0110aba8e7c,1b5cfd27,21,DNA,0,1000,4370,False,GCF_900100175.1 Ferrimonas sediminum,GCF_900100175.1_genomic.fna.gz
signatures/0b03df94c92949061dbdd5146ba0993b.sig.gz,0b03df94c92949061dbdd5146ba0993b,0b03df94,21,DNA,0,1000,5844,False,GCF_000019525.1 Shewanella woodyi ATCC 51908,GCF_000019525.1_genomic.fna.gz
signatures/0020d95b5f9fcba127d94ffb7e5f63cc.sig.gz,0020d95b5f9fcba127d94ffb7e5f63cc,0020d95b,21,DNA,0,1000,5326,False,GCF_003966265.1 Shewanella atlantica,GCF_003966265.1_genomic.fna.gz
signatures/39d1af42e507e521b136cc861f185cc6.sig.gz,39d1af42e507e521b136cc861f185cc6,39d1af42,21,DNA,0,1000,4671,False,GCF_023283825.1 Shewanella olleyana,GCF_023283825.1_genomic.fna.gz
signatures/c8808e8a94e20ee094196849120463ee.sig.gz,c8808e8a94e20ee094196849120463ee,c8808e8a,21,DNA,0,1000,4487,False,GCF_016406305.1 Shewanella putrefaciens,GCF_016406305.1_genomic.fna.gz
signatures/c0b1d36f85d253b6d9aeb765dc2e65ff.sig.gz,c0b1d36f85d253b6d9aeb765dc2e65ff,c0b1d36f,21,DNA,0,1000,4235,False,GCF_900156405.1 Shewanella morhuae,GCF_900156405.1_genomic.fna.gz
signatures/56cf9d0c1b2a7e7d800cf48061ee39cb.sig.gz,56cf9d0c1b2a7e7d800cf48061ee39cb,56cf9d0c,21,DNA,0,1000,4387,False,GCA_004168585.1 Shewanella sp. OPT22,GCA_004168585.1_genomic.fna.gz
signatures/0f027ae32abb5e91f7cc237eb3eef7c3.sig.gz,0f027ae32abb5e91f7cc237eb3eef7c3,0f027ae3,21,DNA,0,1000,4756,False,GCF_947497935.1 uncultured Shewanella sp.,GCF_947497935.1_genomic.fna.gz
signatures/3945cbdbb62e383ef50766485760f7fe.sig.gz,3945cbdbb62e383ef50766485760f7fe,3945cbdb,21,DNA,0,1000,4636,False,GCF_016900895.1 Parashewanella hymeniacidonis,GCF_016900895.1_genomic.fna.gz
signatures/7777900c438013b59b81b5a0f4f356f4.sig.gz,7777900c438013b59b81b5a0f4f356f4,7777900c,21,DNA,0,1000,5803,False,GCA_004195335.1 Shewanella sp.,GCA_004195335.1_genomic.fna.gz
signatures/74fbf4922d40f8db510944e71a3076bf.sig.gz,74fbf4922d40f8db510944e71a3076bf,74fbf492,21,DNA,0,1000,4042,False,GCF_018394335.1 Shewanella dokdonensis,GCF_018394335.1_genomic.fna.gz
signatures/e6ea96184f40e8778315fe4774719ddf.sig.gz,e6ea96184f40e8778315fe4774719ddf,e6ea9618,21,DNA,0,1000,3739,False,GCF_000422665.1 Ferrimonas senticii DSM 18821,GCF_000422665.1_genomic.fna.gz
signatures/6beeb7484e69242ea3c6c3cb3d0af051.sig.gz,6beeb7484e69242ea3c6c3cb3d0af051,6beeb748,21,DNA,0,1000,4189,False,GCF_025370255.1 Shewanella holmiensis,GCF_025370255.1_genomic.fna.gz
signatures/69e43359262b72b25c69112b2c96710b.sig.gz,69e43359262b72b25c69112b2c96710b,69e43359,21,DNA,0,1000,4871,False,GCF_009663145.1 Shewanella sp. TC10,GCF_009663145.1_genomic.fna.gz
signatures/5c24f349b2b6a234cbf13091500a33a7.sig.gz,5c24f349b2b6a234cbf13091500a33a7,5c24f349,21,DNA,0,1000,4926,False,GCF_900129905.1 Ferrimonas marina,GCF_900129905.1_genomic.fna.gz
signatures/98216e34b65b6007e3d833eaa56248b7.sig.gz,98216e34b65b6007e3d833eaa56248b7,98216e34,21,DNA,0,1000,4889,False,GCF_016765635.1 Shewanella schlegeliana,GCF_016765635.1_genomic.fna.gz
signatures/941a20d8062238dc806b3527886b82c5.sig.gz,941a20d8062238dc806b3527886b82c5,941a20d8,21,DNA,0,1000,3296,False,GCA_021462625.1 Shewanella sp.,GCA_021462625.1_genomic.fna.gz
signatures/dd93c8c06f9e814f1ecd998c4ea98850.sig.gz,dd93c8c06f9e814f1ecd998c4ea98850,dd93c8c0,21,DNA,0,1000,4827,False,GCF_007567505.1 Shewanella donghaensis,GCF_007567505.1_genomic.fna.gz
signatures/2d686f600478c2d119e652f0fdb2ec95.sig.gz,2d686f600478c2d119e652f0fdb2ec95,2d686f60,21,DNA,0,1000,4910,False,GCF_023283945.1 Shewanella gelidimarina,GCF_023283945.1_genomic.fna.gz
signatures/c2202028bbeb5559692c4eeaf428d44b.sig.gz,c2202028bbeb5559692c4eeaf428d44b,c2202028,21,DNA,0,1000,4640,False,GCF_002873135.1 Shewanella sp. 10N.286.48.A6,GCF_002873135.1_genomic.fna.gz
signatures/0540dfe0a7fdd894ac586cda068a78c6.sig.gz,0540dfe0a7fdd894ac586cda068a78c6,0540dfe0,21,DNA,0,1000,5655,False,GCF_007004545.3 Shewanella eurypsychrophilus,GCF_007004545.3_genomic.fna.gz
signatures/8a8b242ff6dd1c53f012a9074219dd84.sig.gz,8a8b242ff6dd1c53f012a9074219dd84,8a8b242f,21,DNA,0,1000,4315,False,GCF_023283925.1 Shewanella marisflavi,GCF_023283925.1_genomic.fna.gz
signatures/5585e82253d5fda300e2b4f114be83fa.sig.gz,5585e82253d5fda300e2b4f114be83fa,5585e822,21,DNA,0,1000,4428,False,GCF_024197625.1 Shewanella sp. KJ2020,GCF_024197625.1_genomic.fna.gz
signatures/1ca28a9bc8e01cc2ad0f311f09b5cb0c.sig.gz,1ca28a9bc8e01cc2ad0f311f09b5cb0c,1ca28a9b,21,DNA,0,1000,4515,False,GCF_014648295.1 Shewanella saliphila,GCF_014648295.1_genomic.fna.gz
signatures/dcff07b990b25e50f7ad0648ec725e0f.sig.gz,dcff07b990b25e50f7ad0648ec725e0f,dcff07b9,21,DNA,0,1000,5541,False,GCF_947491715.1 uncultured Shewanella sp.,GCF_947491715.1_genomic.fna.gz
signatures/02132a175dcd1fc4e4deaecffbcc55ee.sig.gz,02132a175dcd1fc4e4deaecffbcc55ee,02132a17,21,DNA,0,1000,5073,False,GCF_023284045.1 Shewanella kaireitica,GCF_023284045.1_genomic.fna.gz
signatures/e3efb959dac63a50fb480b4ce34fffbc.sig.gz,e3efb959dac63a50fb480b4ce34fffbc,e3efb959,21,DNA,0,1000,4658,False,GCF_003675895.1 Parashewanella curva,GCF_003675895.1_genomic.fna.gz
signatures/d58d79b8b4a1191a6fc8e9a51c619b5d.sig.gz,d58d79b8b4a1191a6fc8e9a51c619b5d,d58d79b8,21,DNA,0,1000,3862,False,GCF_006494715.1 Shewanella sp. SNU WT4,GCF_006494715.1_genomic.fna.gz
signatures/4aaed392f40cea423d2a07d77ce26ae3.sig.gz,4aaed392f40cea423d2a07d77ce26ae3,4aaed392,21,DNA,0,1000,4640,False,GCF_002783505.1 Shewanella sp. CG12_big_fil_rev_8_21_14_0_65_47_15,GCF_002783505.1_genomic.fna.gz
signatures/b7b0bd9f773cb791a044525fc045cefe.sig.gz,b7b0bd9f773cb791a044525fc045cefe,b7b0bd9f,21,DNA,0,1000,5066,False,GCF_029835735.1 Shewanella sp. GD04112,GCF_029835735.1_genomic.fna.gz
signatures/fcdb5e60d1b6961175ad4bcb70cb0894.sig.gz,fcdb5e60d1b6961175ad4bcb70cb0894,fcdb5e60,21,DNA,0,1000,3903,False,GCF_014647855.1 Shewanella gelidii,GCF_014647855.1_genomic.fna.gz
signatures/ca1af0a202bab50c59382c937a6051cb.sig.gz,ca1af0a202bab50c59382c937a6051cb,ca1af0a2,21,DNA,0,1000,4504,False,GCF_000014685.1 Shewanella sp. MR-4,GCF_000014685.1_genomic.fna.gz
signatures/58673a4349867959e83cfaaf2dddc597.sig.gz,58673a4349867959e83cfaaf2dddc597,58673a43,21,DNA,0,1000,4830,False,GCF_000425405.1 Ferrimonas kyonanensis DSM 18153,GCF_000425405.1_genomic.fna.gz
signatures/971c5ca3413276be8254eb3128983e3e.sig.gz,971c5ca3413276be8254eb3128983e3e,971c5ca3,21,DNA,0,1000,4125,False,GCF_012911865.1 Shewanella salipaludis,GCF_012911865.1_genomic.fna.gz
signatures/4c13c5b8f002261545337e595e5bd350.sig.gz,4c13c5b8f002261545337e595e5bd350,4c13c5b8,21,DNA,0,1000,4968,False,GCF_013248905.1 Shewanella sp. VB17,GCF_013248905.1_genomic.fna.gz
signatures/f6ffb9948e535a3515f20acc152a7a2a.sig.gz,f6ffb9948e535a3515f20acc152a7a2a,f6ffb994,21,DNA,0,1000,4377,False,GCF_000013765.1 Shewanella denitrificans OS217,GCF_000013765.1_genomic.fna.gz
signatures/d042dce1533b5710b96000225cffe0c3.sig.gz,d042dce1533b5710b96000225cffe0c3,d042dce1,21,DNA,0,1000,4852,False,GCF_014648035.1 Shewanella algicola,GCF_014648035.1_genomic.fna.gz
signatures/e95eb1bf07d1312bd28482eb353fead7.sig.gz,e95eb1bf07d1312bd28482eb353fead7,e95eb1bf,21,DNA,0,1000,3259,False,GCF_039544205.1 Ferrimonas gelatinilytica,GCF_039544205.1_genomic.fna.gz
signatures/f40b66c7b1e33a67ddadc5be0ce8d355.sig.gz,f40b66c7b1e33a67ddadc5be0ce8d355,f40b66c7,21,DNA,0,1000,4971,False,GCF_041468565.1 Shewanella sp. 10N.286.54.B9,GCF_041468565.1_genomic.fna.gz
signatures/a377321ebdc42d25bb555f50a1836bcf.sig.gz,a377321ebdc42d25bb555f50a1836bcf,a377321e,21,DNA,0,1000,6283,False,GCF_027571385.1 Shewanella sp. MTB7,GCF_027571385.1_genomic.fna.gz
signatures/ec5a0108bd65a8c43be8a59b716093b8.sig.gz,ec5a0108bd65a8c43be8a59b716093b8,ec5a0108,21,DNA,0,1000,5075,False,GCF_002836205.1 Shewanella sp. Choline-02u-19,GCF_002836205.1_genomic.fna.gz
signatures/dfe7ad1ce5b71ec710b9ea3b88aed8dd.sig.gz,dfe7ad1ce5b71ec710b9ea3b88aed8dd,dfe7ad1c,21,DNA,0,1000,4471,False,GCF_000016065.1 Shewanella loihica PV-4,GCF_000016065.1_genomic.fna.gz
signatures/cc0f5145eac2972f05217e2606acf584.sig.gz,cc0f5145eac2972f05217e2606acf584,cc0f5145,21,DNA,0,1000,3962,False,GCF_014163735.1 Shewanella sp. SR44-3,GCF_014163735.1_genomic.fna.gz
signatures/b28f06ae8ee599a638ab6ff1bbdc6d42.sig.gz,b28f06ae8ee599a638ab6ff1bbdc6d42,b28f06ae,21,DNA,0,1000,5651,False,GCF_001957125.1 Shewanella sp. UCD-KL12,GCF_001957125.1_genomic.fna.gz
signatures/33dba997d737dc0aee37faf18c40791e.sig.gz,33dba997d737dc0aee37faf18c40791e,33dba997,21,DNA,0,1000,4204,False,GCF_023283485.1 Shewanella glacialipiscicola,GCF_023283485.1_genomic.fna.gz
signatures/e5dca70bf2bdecd11f957086ae8816f2.sig.gz,e5dca70bf2bdecd11f957086ae8816f2,e5dca70b,21,DNA,0,1000,3602,False,GCF_021412565.1 Shewanella sp. AS1,GCF_021412565.1_genomic.fna.gz
signatures/653c38747d7b150206229f76345260aa.sig.gz,653c38747d7b150206229f76345260aa,653c3874,21,DNA,0,1000,5007,False,GCF_014641855.1 Shewanella inventionis,GCF_014641855.1_genomic.fna.gz
signatures/bd9dbad9f92ac29e9ca9e19d7e5944a5.sig.gz,bd9dbad9f92ac29e9ca9e19d7e5944a5,bd9dbad9,21,DNA,0,1000,4810,False,GCF_030252245.1 Shewanella goraebulensis,GCF_030252245.1_genomic.fna.gz
signatures/2a6dae3e26b1a3a48d748cac922492fc.sig.gz,2a6dae3e26b1a3a48d748cac922492fc,2a6dae3e,21,DNA,0,1000,5161,False,GCF_023349125.1 Shewanella corallii,GCF_023349125.1_genomic.fna.gz
signatures/72131517735d9d8dafd10f991076c77e.sig.gz,72131517735d9d8dafd10f991076c77e,72131517,21,DNA,0,1000,5044,False,GCF_019654975.1 Shewanella sp. c952,GCF_019654975.1_genomic.fna.gz
signatures/cdf13aa13f945cb367f8642cb2d237ee.sig.gz,cdf13aa13f945cb367f8642cb2d237ee,cdf13aa1,21,DNA,0,1000,4234,False,GCF_016834455.1 Shewanella litorisediminis,GCF_016834455.1_genomic.fna.gz
signatures/9fe559b855d06a41541f8c2df7d1510c.sig.gz,9fe559b855d06a41541f8c2df7d1510c,9fe559b8,21,DNA,0,1000,4793,False,GCF_009831655.1 Shewanella insulae,GCF_009831655.1_genomic.fna.gz
signatures/bbc53dcb6a8e351a3263db394268cd05.sig.gz,bbc53dcb6a8e351a3263db394268cd05,bbc53dcb,21,DNA,0,1000,4007,False,GCF_025971955.1 Shewanella subflava,GCF_025971955.1_genomic.fna.gz
signatures/e31c34b068a83d93812d4dc8ab111b61.sig.gz,e31c34b068a83d93812d4dc8ab111b61,e31c34b0,21,DNA,0,1000,4899,False,GCF_019655055.1 Shewanella sp. MBTL60-112-B2,GCF_019655055.1_genomic.fna.gz
signatures/4d94f834d64d17e0c7d59b1120243f3b.sig.gz,4d94f834d64d17e0c7d59b1120243f3b,4d94f834,21,DNA,0,1000,4163,False,GCF_003605125.1 Shewanella algidipiscicola,GCF_003605125.1_genomic.fna.gz
signatures/1e00a38c474ae4e1ef27e1bb3443b731.sig.gz,1e00a38c474ae4e1ef27e1bb3443b731,1e00a38c,21,DNA,0,1000,5097,False,GCF_000019185.1 Shewanella halifaxensis HAW-EB4,GCF_000019185.1_genomic.fna.gz
signatures/af4252a7aaad2b6d012ba03687c9e2c0.sig.gz,af4252a7aaad2b6d012ba03687c9e2c0,af4252a7,21,DNA,0,1000,4576,False,GCF_022321485.1 Shewanella electrica,GCF_022321485.1_genomic.fna.gz
signatures/6b05f9f93a6c8dff65349a0e6f2a33d1.sig.gz,6b05f9f93a6c8dff65349a0e6f2a33d1,6b05f9f9,21,DNA,0,1000,4084,False,GCF_004358445.1 Parashewanella tropica,GCF_004358445.1_genomic.fna.gz
signatures/76ad756913b36cdbc721b453c3070263.sig.gz,76ad756913b36cdbc721b453c3070263,76ad7569,21,DNA,0,1000,4123,False,GCF_019457475.1 Shewanella acanthi,GCF_019457475.1_genomic.fna.gz
signatures/98fd8ac448aa93bfed59ebf5af4a91d6.sig.gz,98fd8ac448aa93bfed59ebf5af4a91d6,98fd8ac4,21,DNA,0,1000,4718,False,GCF_009828585.1 Shewanella litoralis,GCF_009828585.1_genomic.fna.gz
signatures/20478445fd35695555668d7cec020271.sig.gz,20478445fd35695555668d7cec020271,20478445,21,DNA,0,1000,4751,False,GCF_013214165.1 Shewanella sp.,GCF_013214165.1_genomic.fna.gz
signatures/dc348bd84b6c6d46978dc5af898efc69.sig.gz,dc348bd84b6c6d46978dc5af898efc69,dc348bd8,21,DNA,0,1000,5192,False,GCF_000014885.1 Shewanella piezotolerans WP3,GCF_000014885.1_genomic.fna.gz
signatures/c1f1caa16c221b5f90c6fd9945d9b841.sig.gz,c1f1caa16c221b5f90c6fd9945d9b841,c1f1caa1,21,DNA,0,1000,4209,False,GCF_000015245.1 Shewanella amazonensis SB2B,GCF_000015245.1_genomic.fna.gz
signatures/a0e8a8c0f64a7387ba79e32bb38946e1.sig.gz,a0e8a8c0f64a7387ba79e32bb38946e1,a0e8a8c0,21,DNA,0,1000,3737,False,GCF_018223345.1 Shewanella yunxiaonensis,GCF_018223345.1_genomic.fna.gz
signatures/f4a0090b91e37d619f655fc1244d7676.sig.gz,f4a0090b91e37d619f655fc1244d7676,f4a0090b,21,DNA,0,1000,5000,False,GCF_014164505.1 Shewanella sp. SG41-4,GCF_014164505.1_genomic.fna.gz
signatures/542fcc4cb8feb917c5e3bf69c0593a6c.sig.gz,542fcc4cb8feb917c5e3bf69c0593a6c,542fcc4c,21,DNA,0,1000,3984,False,GCF_041630135.1 Shewanella sp.,GCF_041630135.1_genomic.fna.gz
signatures/03f5bf7063ef9db2b2241ee8d19b9c28.sig.gz,03f5bf7063ef9db2b2241ee8d19b9c28,03f5bf70,21,DNA,0,1000,5158,False,GCF_023283985.1 Shewanella electrodiphila,GCF_023283985.1_genomic.fna.gz
signatures/50d10be507fcc4d7d7380123f6f10cc2.sig.gz,50d10be507fcc4d7d7380123f6f10cc2,50d10be5,21,DNA,0,1000,4890,False,GCF_009183365.2 Shewanella algae,GCF_009183365.2_genomic.fna.gz
signatures/30bd8b20772cd1b4376abf1c44c6b82a.sig.gz,30bd8b20772cd1b4376abf1c44c6b82a,30bd8b20,21,DNA,0,1000,3978,False,GCF_023284065.1 Shewanella gaetbuli,GCF_023284065.1_genomic.fna.gz
signatures/c8838a98955264d30504de8135146074.sig.gz,c8838a98955264d30504de8135146074,c8838a98,21,DNA,0,1000,3975,False,GCF_012295575.1 Ferrimonas lipolytica,GCF_012295575.1_genomic.fna.gz
signatures/c71c8324e3f1ec4d1acc8ce9e895a97e.sig.gz,c71c8324e3f1ec4d1acc8ce9e895a97e,c71c8324,21,DNA,0,1000,5021,False,GCF_000518805.1 Shewanella waksmanii ATCC BAA-643,GCF_000518805.1_genomic.fna.gz
signatures/769c054e1ef8867fa1e76d393bea60ee.sig.gz,769c054e1ef8867fa1e76d393bea60ee,769c054e,21,DNA,0,1000,5506,False,GCF_019457885.1 Shewanella nanhaiensis,GCF_019457885.1_genomic.fna.gz
signatures/3e3e954ded73b5b66e8e8762bc3a5bd1.sig.gz,3e3e954ded73b5b66e8e8762bc3a5bd1,3e3e954d,21,DNA,0,1000,4331,False,GCF_019457595.1 Shewanella psychrotolerans,GCF_019457595.1_genomic.fna.gz
signatures/6e2455a80e4ab85e63fdd84e7d99c02a.sig.gz,6e2455a80e4ab85e63fdd84e7d99c02a,6e2455a8,21,DNA,0,1000,2299,False,GCA_002341165.1 Shewanellaceae bacterium UBA2521,GCA_002341165.1_genomic.fna.gz
signatures/71ff518c155c8fc1bc21da6ad1e1e26a.sig.gz,71ff518c155c8fc1bc21da6ad1e1e26a,71ff518c,21,DNA,0,1000,3120,False,GCF_002282895.1 Paraferrimonas haliotis,GCF_002282895.1_genomic.fna.gz
signatures/00de0e54c45d0cfcd8d9967bf24fa32b.sig.gz,00de0e54c45d0cfcd8d9967bf24fa32b,00de0e54,21,DNA,0,1000,4374,False,GCF_011765625.1 Shewanella aestuarii,GCF_011765625.1_genomic.fna.gz
signatures/8cae08dd3dc174ed80c0b81c8cd7471a.sig.gz,8cae08dd3dc174ed80c0b81c8cd7471a,8cae08dd,21,DNA,0,1000,3678,False,GCF_022398315.1 Shewanella sp. Isolate11,GCF_022398315.1_genomic.fna.gz
signatures/fb0f20ea6af33278108fff6d0ec4b116.sig.gz,fb0f20ea6af33278108fff6d0ec4b116,fb0f20ea,21,DNA,0,1000,4997,False,GCF_023283895.1 Shewanella pneumatophori,GCF_023283895.1_genomic.fna.gz
signatures/6950ca09a0ab665c10e8ee4b417e0001.sig.gz,6950ca09a0ab665c10e8ee4b417e0001,6950ca09,21,DNA,0,1000,4850,False,GCF_002075795.1 Shewanella japonica,GCF_002075795.1_genomic.fna.gz
signatures/672190c0293c4375ad140493ebd14fd8.sig.gz,672190c0293c4375ad140493ebd14fd8,672190c0,21,DNA,0,1000,4610,False,GCF_001957135.1 Shewanella sp. UCD-KL21,GCF_001957135.1_genomic.fna.gz
signatures/f2e85dd085aee5f6f7b27a463f0db444.sig.gz,f2e85dd085aee5f6f7b27a463f0db444,f2e85dd0,21,DNA,0,1000,2934,False,GCA_037132815.1 Shewanella sp.,GCA_037132815.1_genomic.fna.gz
